{
  "thresholds": [
    0.0,
    4.0,
    5.0,
    6.0,
    7.0
  ],
  "values": [
    0.9876543209876543,
    1.0,
    1.0,
    1.0,
    1.0
  ],
  "abstain_threshold": 0.9876543209876543,
  "abstain_coverage": 0.9
}